{
  "seeds": [
    42,
    123,
    456
  ],
  "runs": [
    {
      "seed": 42,
      "rewards": [
        -1584.9735696499508,
        -1593.0955434808532,
        -1470.2741133743368,
        -1551.3019034627396,
        -1421.6078868819561,
        -1404.5056903445548,
        -1249.9521683017163,
        -1176.6617060489957,
        -1643.5802827815567,
        -1529.2819211173153,
        -1501.4447662579394,
        -1206.5948479268122,
        -1518.2818879029023,
        -1464.984498081998,
        -1402.3639045673274,
        -1256.1120131661528,
        -1606.1631397468623,
        -1455.9467506892495,
        -1326.9646706711192,
        -1357.6822158145412,
        -1353.9672057877347,
        -1324.6076118026224,
        -1458.9283224635153,
        -1524.25216678272,
        -1369.3584584472408,
        -1328.8655369204018,
        -1559.6843162755258,
        -1353.118321170981,
        -1370.8187597190615,
        -1341.0276861800282,
        -1706.1641805922445,
        -1473.4701004609383,
        -1563.1033642289253,
        -1691.6543815954178,
        -1503.0155355801305,
        -1351.8259931982018,
        -1433.1112063802286,
        -1547.842549796435,
        -1668.7426280032116,
        -1467.1677060024474,
        -1637.8352351913777,
        -1372.430939980351,
        -1436.0434242884867,
        -1459.0361400910679,
        -1615.5484587243793,
        -1566.3037357460541,
        -1547.1391791103638,
        -1430.1208089224092,
        -1302.888674261612,
        -1692.1678960864404,
        -1340.0172900668117,
        -1518.9502882316299,
        -1495.6882071454663,
        -1294.9253715875461,
        -1247.9565678874326,
        -1674.5151669250733,
        -1738.9880249105158,
        -1342.9008415019352,
        -1673.0224537736474,
        -1538.104060747899,
        -1266.2087299008133,
        -1667.9938130751154,
        -1466.7170283265018,
        -1267.4611380882536,
        -1545.1581204999677,
        -1366.5957386686478,
        -1393.3545149704441,
        -1301.4583605440127,
        -1530.4194083364416,
        -1632.5071158377536,
        -1442.8827460174932,
        -1432.7588276918123,
        -1645.0403936385387,
        -1496.1193870475156,
        -1224.8334479026191,
        -1297.008267800721,
        -1266.441849001119,
        -1392.1608086591216,
        -1492.8882336187553,
        -1602.4199885403375,
        -1628.634065390049,
        -1599.7408719849516,
        -1276.6572922612922,
        -1430.0945405733937,
        -1409.664691359427,
        -1481.4297967137195,
        -1574.6367563214296,
        -1605.6999345058136,
        -1603.2116130448403,
        -1394.2862484303125,
        -1328.8929506433649,
        -1192.43427558857,
        -1588.2602811479628,
        -1573.3161831047576,
        -1487.7479094836801,
        -1263.5609328797366,
        -1404.9791553922023,
        -1262.0181775151616,
        -1367.6728313246135,
        -1653.2624974916694
      ],
      "initial_mean": -1462.5234785443977,
      "final_mean": -1412.2145194571717,
      "improvement": 50.30895908722596
    },
    {
      "seed": 123,
      "rewards": [
        -1640.7690431089259,
        -1702.3125454427275,
        -1752.2661384166167,
        -1724.4310632038478,
        -1472.2224992724268,
        -1766.038609022423,
        -1641.6905249202,
        -1761.3901918296492,
        -1709.2494342386635,
        -1677.0934307784814,
        -1722.2344518518482,
        -1266.6903904236592,
        -1762.0528960759514,
        -1776.7508930484732,
        -1655.7407394248798,
        -1651.6565750630211,
        -1695.9054258397725,
        -1613.3352267166063,
        -1753.4121087304052,
        -1696.8972860395218,
        -1743.1889053970058,
        -1289.2315467992646,
        -1691.3574729457193,
        -1744.0637383028063,
        -1534.0653910799979,
        -1728.723678017037,
        -1615.041593509543,
        -1354.9487284041559,
        -1510.4135232838855,
        -1576.6548190854023,
        -1764.733131292257,
        -1343.9176749292444,
        -1557.0284171785358,
        -1732.0801358288936,
        -1582.8289486497295,
        -1529.9533542252896,
        -1758.7281157702923,
        -1739.1896538668204,
        -1602.4799359540632,
        -1746.2197608936092,
        -1703.1343955148225,
        -1595.0013043449367,
        -1713.3477220530665,
        -1690.6357234725162,
        -1710.8466845660498,
        -1556.0391174871565,
        -1706.926820771169,
        -1580.3133419105768,
        -1734.779882380062,
        -1598.2796984156337,
        -1642.3347673004982,
        -1542.9848716719862,
        -1523.5678114374525,
        -1633.395002990375,
        -1712.1827793930638,
        -1585.76982927234,
        -1726.7793674613245,
        -1485.5621582153544,
        -1580.8507516183736,
        -1379.3030037092597,
        -1730.5950671787866,
        -1761.4054776252415,
        -1734.7144948872917,
        -1749.8663912377988,
        -1675.7454204068672,
        -1672.3154600898445,
        -1717.3675466142436,
        -1730.0926403217502,
        -1723.0376587765725,
        -1542.5212315273625,
        -1450.83802392978,
        -1762.3300751894712,
        -1678.5518347653674,
        -1619.9624802984713,
        -1676.2152555050518,
        -1716.360060981181,
        -1628.1323401400982,
        -1699.524582979249,
        -1409.5881330395284,
        -1668.207123676385,
        -1577.4814535194419,
        -1388.5696929899266,
        -1363.5004327412264,
        -1764.5041591789206,
        -1622.158923799835,
        -1735.7689283278803,
        -1413.043247830021,
        -1686.9019359056442,
        -1405.2704350772667,
        -1716.9859017431356,
        -1685.3812256826313,
        -1498.5975570344492,
        -1596.862018455992,
        -1613.7653006156893,
        -1761.4820592285391,
        -1469.905333285049,
        -1548.3968224962593,
        -1613.1980790788068,
        -1716.4225586426905,
        -1443.1711465584594
      ],
      "initial_mean": -1684.746348023396,
      "final_mean": -1594.7182101078565,
      "improvement": 90.02813791553945
    },
    {
      "seed": 456,